{"stats":{"minecraft:custom":{"minecraft:time_since_rest":11055,"minecraft:sprint_one_cm":7906,"minecraft:play_time":11055,"minecraft:walk_one_cm":17824,"tombstone:undead_killed":7,"minecraft:sneak_time":409,"minecraft:walk_under_water_one_cm":3758,"minecraft:mob_kills":8,"minecraft:jump":45,"minecraft:damage_dealt":2,"minecraft:leave_game":4,"minecraft:walk_on_water_one_cm":299,"minecraft:time_since_death":11055,"minecraft:total_world_time":11055,"minecraft:fly_one_cm":68834},"minecraft:killed":{"alexsmobs:endergrade":1,"kevin_trophy:blister_zombie":1,"kevin_trophy:crawler_zombie":2,"kevin_trophy:zombie_brute":4},"minecraft:picked_up":{"minecraft:dandelion":2,"hunting_delight:worm":2},"minecraft:used":{"minecraft:ender_eye":13,"minecraft:lava_bucket":11,"alexsmobs:spawn_egg_endergrade":1,"minecraft:grass_block":1,"minecraft:end_portal_frame":12,"kevin_trophy:zombie_brute_spawn_egg":2,"cgm:assault_rifle":144}},"DataVersion":3120}