{"stats":{"minecraft:custom":{"minecraft:time_since_rest":10259,"minecraft:deaths":1,"minecraft:sprint_one_cm":8549,"minecraft:play_time":22570,"minecraft:walk_one_cm":19108,"tombstone:undead_killed":7,"minecraft:sneak_time":409,"minecraft:walk_under_water_one_cm":3758,"minecraft:mob_kills":8,"minecraft:drop":1,"minecraft:jump":46,"minecraft:damage_dealt":2,"minecraft:leave_game":5,"minecraft:walk_on_water_one_cm":299,"minecraft:time_since_death":10496,"minecraft:total_world_time":22570,"minecraft:fly_one_cm":71958},"minecraft:dropped":{"minecraft:bone":1},"minecraft:killed":{"alexsmobs:endergrade":1,"kevin_trophy:blister_zombie":1,"kevin_trophy:crawler_zombie":2,"kevin_trophy:zombie_brute":4},"minecraft:picked_up":{"minecraft:bone":1,"minecraft:dandelion":2,"hunting_delight:worm":2},"minecraft:used":{"minecraft:ender_eye":13,"minecraft:lava_bucket":11,"alexsmobs:spawn_egg_endergrade":1,"minecraft:grass_block":1,"minecraft:end_portal_frame":12,"kevin_trophy:zombie_brute_spawn_egg":2,"minecraft:milk_bucket":1,"cgm:assault_rifle":144}},"DataVersion":3120}